{
    "loss": 0.3276929259300232,
    "accuracy": 0.8613492250442505
}