{
    "loss": 0.3412063717842102,
    "accuracy": 0.8577190637588501
}